<?xml version="1.0" encoding="UTF-8"?>
<rss version="2.0" xmlns:ror="http://rorweb.com/0.1/" >
<channel>
  <title>ROR Sitemap for http://primacyinfotech.com/</title>
  <link>http://primacyinfotech.com/</link>

<item>
     <link>http://primacyinfotech.com/</link>
     <title>Best Website Design &amp;amp; Development Company in India</title>
     <description>We are one of the best website design &amp;app development company in Kolkata,West Bengal,India.We provide IT Service in reasonable price. Contact 09875627563</description>
     <ror:updatePeriod></ror:updatePeriod>
     <ror:sortOrder>0</ror:sortOrder>
     <ror:resourceOf>sitemap</ror:resourceOf>
</item>
<item>
     <link>http://primacyinfotech.com/index.php</link>
     <title>Best Website Design &amp;amp; Development Company in India</title>
     <description>We are one of the best website design &amp;app development company in Kolkata,West Bengal,India.We provide IT Service in reasonable price. Contact 09875627563</description>
     <ror:updatePeriod></ror:updatePeriod>
     <ror:sortOrder>1</ror:sortOrder>
     <ror:resourceOf>sitemap</ror:resourceOf>
</item>
<item>
     <link>http://primacyinfotech.com/service/web-developement</link>
     <title>Best Web Development company in India </title>
     <description>Primacy Infotech is one of the best web development companies in Kolkata. Call us on 9088015866 to get your website in affordable prices. </description>
     <ror:updatePeriod></ror:updatePeriod>
     <ror:sortOrder>1</ror:sortOrder>
     <ror:resourceOf>sitemap</ror:resourceOf>
</item>
<item>
     <link>http://primacyinfotech.com/service/web-designing</link>
     <title>Best Web Designing company in India</title>
     <description>Primacy Infotech is one of the best web design companies in Kolkata. Call us on 9088015866 to get your website in affordable prices. </description>
     <ror:updatePeriod></ror:updatePeriod>
     <ror:sortOrder>1</ror:sortOrder>
     <ror:resourceOf>sitemap</ror:resourceOf>
</item>
<item>
     <link>http://primacyinfotech.com/service/mobile-app-developemnt</link>
     <title>Best App Development Company in India</title>
     <description>Primacy Infotech is one of the best web development companies in Kolkata. Call us on 9088015866 to get your website in affordable prices. </description>
     <ror:updatePeriod></ror:updatePeriod>
     <ror:sortOrder>1</ror:sortOrder>
     <ror:resourceOf>sitemap</ror:resourceOf>
</item>
<item>
     <link>http://primacyinfotech.com/service/digital-marketing</link>
     <title>Best Digital Marketing and SEO Company in India</title>
     <description>Primacy Infotech is one of the best digital marketing and seo companies in India. Call us on 9088015866 to get your website in affordable prices.</description>
     <ror:updatePeriod></ror:updatePeriod>
     <ror:sortOrder>1</ror:sortOrder>
     <ror:resourceOf>sitemap</ror:resourceOf>
</item>
<item>
     <link>http://primacyinfotech.com/service/health-care-mangment</link>
     <title>Best Health Mangement Portal2 in India</title>
     <description>Primacy Infotech is one of the best Health management system companies in India. Call us on 9088015866 to get your website in affordable prices.</description>
     <ror:updatePeriod></ror:updatePeriod>
     <ror:sortOrder>1</ror:sortOrder>
     <ror:resourceOf>sitemap</ror:resourceOf>
</item>
<item>
     <link>http://primacyinfotech.com/product/school-managmest-system</link>
     <title>Best School Mangement System in India</title>
     <description>Primacy Infotech is one of the best school management system companies in India. Call us on 9088015866 to get your website in affordable prices.</description>
     <ror:updatePeriod></ror:updatePeriod>
     <ror:sortOrder>1</ror:sortOrder>
     <ror:resourceOf>sitemap</ror:resourceOf>
</item>
<item>
     <link>http://primacyinfotech.com/product/portal-accounting</link>
     <title>Best Accounting Portal service in India</title>
     <description>Primacy Infotech is one of the best accounting development companies in India. Call us on 9088015866 to get your website in affordable prices.</description>
     <ror:updatePeriod></ror:updatePeriod>
     <ror:sortOrder>1</ror:sortOrder>
     <ror:resourceOf>sitemap</ror:resourceOf>
</item>
<item>
     <link>http://primacyinfotech.com/product/readymade-ecommerces-app</link>
     <title>Ecommerce app development company in india| Readymade Ecommerce app Solution|Affordable Ecommerce App Development Company : Primacy Infotech </title>
     <description>Primacy Infotech is one of the best grocery app development companies in India. Call us on 9088015866 to Get demo and prices.</description>
     <ror:updatePeriod></ror:updatePeriod>
     <ror:sortOrder>1</ror:sortOrder>
     <ror:resourceOf>sitemap</ror:resourceOf>
</item>
<item>
     <link>http://primacyinfotech.com/product/readymade-pharmacy-app</link>
     <title>Pharmacy app development company in india| Readymade Pharmacy app Solution|Affordable Pharmacy App Development Company : Primacy Infotech </title>
     <description>Primacy Infotech is one of the best Health management system companies in India. Call us on 9088015866 to get your website in affordable prices.</description>
     <ror:updatePeriod></ror:updatePeriod>
     <ror:sortOrder>1</ror:sortOrder>
     <ror:resourceOf>sitemap</ror:resourceOf>
</item>
<item>
     <link>http://primacyinfotech.com/product/readymade-grocery-delivery-app</link>
     <title>Grocery app development company in india| Readymade Grocery app Solution|Affordable Grocery App Development Company : Primacy Infotech </title>
     <description>Primacy Infotech is one of the best grocery app development companies in India. Call us on 9088015866 to Get demo and prices.</description>
     <ror:updatePeriod></ror:updatePeriod>
     <ror:sortOrder>1</ror:sortOrder>
     <ror:resourceOf>sitemap</ror:resourceOf>
</item>
<item>
     <link>http://primacyinfotech.com/product/readymade-food-delivery-app</link>
     <title>Ecommerce app development company in india| Readymade Ecommerce app Solution|Affordable Ecommerce App Development Company : Primacy Infotech </title>
     <description>Primacy Infotech is one of the best food app development companies in India. Call us on 9088015866 to get your order in affordable prices.</description>
     <ror:updatePeriod></ror:updatePeriod>
     <ror:sortOrder>1</ror:sortOrder>
     <ror:resourceOf>sitemap</ror:resourceOf>
</item>
<item>
     <link>http://primacyinfotech.com/product/recharge-bill-payment-portal-b2b-b2c</link>
     <title>Recharge Portal company in Kolkata</title>
     <description>Primacy Infotech is one of the best recharge portal companies in India. Call us on 9088015866 to get your service in affordable prices.</description>
     <ror:updatePeriod></ror:updatePeriod>
     <ror:sortOrder>1</ror:sortOrder>
     <ror:resourceOf>sitemap</ror:resourceOf>
</item>
<item>
     <link>http://primacyinfotech.com/product/readymade-online-education-app</link>
     <title>Best Learning Management Portal In India</title>
     <description>Primacy Infotech is one of the best learning management portal companies in India. Call us on 9088015866 to get your service in affordable prices.</description>
     <ror:updatePeriod></ror:updatePeriod>
     <ror:sortOrder>1</ror:sortOrder>
     <ror:resourceOf>sitemap</ror:resourceOf>
</item>
<item>
     <link>http://primacyinfotech.com/product/loan-mangment-system</link>
     <title>Best Loan Mangement Portal in India</title>
     <description>Primacy Infotech is one of the loan management portal companies in India. Call us on 9088015866 to get your service in affordable prices.</description>
     <ror:updatePeriod></ror:updatePeriod>
     <ror:sortOrder>1</ror:sortOrder>
     <ror:resourceOf>sitemap</ror:resourceOf>
</item>
<item>
     <link>http://primacyinfotech.com/product/readymade-video-streaming-app</link>
     <title>Best Video Portal company in India</title>
     <description>Primacy Infotech is one of the best video portal companies in India. Call us on 9088015866 to get your website in affordable prices.</description>
     <ror:updatePeriod></ror:updatePeriod>
     <ror:sortOrder>1</ror:sortOrder>
     <ror:resourceOf>sitemap</ror:resourceOf>
</item>
<item>
     <link>http://primacyinfotech.com/product/readymade-realestate-portal</link>
     <title>Realestate Portal service in kolkata</title>
     <description>Primacy Infotech is one of the best Realstate portal services in India. Call us on 9088015866 to get your website in affordable prices.</description>
     <ror:updatePeriod></ror:updatePeriod>
     <ror:sortOrder>1</ror:sortOrder>
     <ror:resourceOf>sitemap</ror:resourceOf>
</item>
<item>
     <link>http://primacyinfotech.com/industry/industry-healthcare</link>
     <title>Health care</title>
     <description>primacy Infotech is the best among top 10 website company in kolkata, west bengal, India. Call best website developer at 9088015866 to make a website in your reasonable price</description>
     <ror:updatePeriod></ror:updatePeriod>
     <ror:sortOrder>1</ror:sortOrder>
     <ror:resourceOf>sitemap</ror:resourceOf>
</item>
<item>
     <link>http://primacyinfotech.com/industry/industry-education</link>
     <title>Edutech Industry </title>
     <description>primacy Infotech is the best among top 10 website company in kolkata, west bengal, India. Call best website developer at 9088015866 to make a website in your reasonable price</description>
     <ror:updatePeriod></ror:updatePeriod>
     <ror:sortOrder>1</ror:sortOrder>
     <ror:resourceOf>sitemap</ror:resourceOf>
</item>
<item>
     <link>http://primacyinfotech.com/industry/industry-retail</link>
     <title>Our Company</title>
     <description>primacy Infotech is the best among top 10 website company in kolkata, west bengal, India. Call best website developer at 9088015866 to make a website in your reasonable price</description>
     <ror:updatePeriod></ror:updatePeriod>
     <ror:sortOrder>1</ror:sortOrder>
     <ror:resourceOf>sitemap</ror:resourceOf>
</item>
<item>
     <link>http://primacyinfotech.com/industry/industry-media</link>
     <title>Media</title>
     <description>primacy Infotech is the best among top 10 website company in kolkata, west bengal, India. Call best website developer at 9088015866 to make a website in your reasonable price</description>
     <ror:updatePeriod></ror:updatePeriod>
     <ror:sortOrder>1</ror:sortOrder>
     <ror:resourceOf>sitemap</ror:resourceOf>
</item>
<item>
     <link>http://primacyinfotech.com/industry/industry-bankin-finance</link>
     <title>Banking</title>
     <description>primacy Infotech is the best among top 10 website company in kolkata, west bengal, India. Call best website developer at 9088015866 to make a website in your reasonable price</description>
     <ror:updatePeriod></ror:updatePeriod>
     <ror:sortOrder>1</ror:sortOrder>
     <ror:resourceOf>sitemap</ror:resourceOf>
</item>
<item>
     <link>http://primacyinfotech.com/industry/industry-goverment</link>
     <title>Government</title>
     <description>primacy Infotech is the best among top 10 website company in kolkata, west bengal, India. Call best website developer at 9088015866 to make a website in your reasonable price</description>
     <ror:updatePeriod></ror:updatePeriod>
     <ror:sortOrder>1</ror:sortOrder>
     <ror:resourceOf>sitemap</ror:resourceOf>
</item>
<item>
     <link>http://primacyinfotech.com/about/our-company</link>
     <title>Our Company</title>
     <description>primacy Infotech is the best among top 10 website company in kolkata, west bengal, India. Call best website developer at 9088015866 to make a website in your reasonable price</description>
     <ror:updatePeriod></ror:updatePeriod>
     <ror:sortOrder>1</ror:sortOrder>
     <ror:resourceOf>sitemap</ror:resourceOf>
</item>
<item>
     <link>http://primacyinfotech.com/about/career</link>
     <title>Career: Primacy Infotech </title>
     <description>Primacy Infotech is one of the best development companies in India. Call us on 9088015866 to Get demo and prices.</description>
     <ror:updatePeriod></ror:updatePeriod>
     <ror:sortOrder>1</ror:sortOrder>
     <ror:resourceOf>sitemap</ror:resourceOf>
</item>
<item>
     <link>http://primacyinfotech.com/about/our-portfolios</link>
     <title></title>
     
     <ror:updatePeriod></ror:updatePeriod>
     <ror:sortOrder>1</ror:sortOrder>
     <ror:resourceOf>sitemap</ror:resourceOf>
</item>
<item>
     <link>http://primacyinfotech.com/about/contact</link>
     <title>Contact Us</title>
     <description>primacy Infotech is the best among top 10 website company in kolkata, west bengal, India. Call best website developer at 9088015866 to make a website in your reasonable price</description>
     <ror:updatePeriod></ror:updatePeriod>
     <ror:sortOrder>1</ror:sortOrder>
     <ror:resourceOf>sitemap</ror:resourceOf>
</item>
<item>
     <link>http://primacyinfotech.com/service/crm-erp-portal-development</link>
     <title>Best CRM &amp; ERP company</title>
     <description>Primacy Infotech is one of the best CRM and ERP companies in India. Call us on 9088015866 to get your website in affordable prices. </description>
     <ror:updatePeriod></ror:updatePeriod>
     <ror:sortOrder>1</ror:sortOrder>
     <ror:resourceOf>sitemap</ror:resourceOf>
</item>
<item>
     <link>http://primacyinfotech.com/service/mlm-software-development</link>
     <title>Great and Best MLM Portal in India</title>
     <description>Primacy Infotech is one of the best mlm development companies in India. Call us on 9088015866 to get your service in affordable prices.</description>
     <ror:updatePeriod></ror:updatePeriod>
     <ror:sortOrder>1</ror:sortOrder>
     <ror:resourceOf>sitemap</ror:resourceOf>
</item>
<item>
     <link>http://primacyinfotech.com/product/readymade-cab-booking-app</link>
     <title>Best Ola/Uber Clone in India</title>
     <description>Primacy Infotech is one of the best ola/uber services in India. Call us on 9088015866 to get your website in affordable prices.</description>
     <ror:updatePeriod></ror:updatePeriod>
     <ror:sortOrder>1</ror:sortOrder>
     <ror:resourceOf>sitemap</ror:resourceOf>
</item>
<item>
     <link>http://primacyinfotech.com/industry/industry-travel</link>
     <title>Travel Tech</title>
     <description>primacy Infotech is the best among top 10 website company in kolkata, west bengal, India. Call best website developer at 9088015866 to make a website in your reasonable price</description>
     <ror:updatePeriod></ror:updatePeriod>
     <ror:sortOrder>1</ror:sortOrder>
     <ror:resourceOf>sitemap</ror:resourceOf>
</item>
<item>
     <link>http://primacyinfotech.com/industry/industry-insurance</link>
     <title>Our Company</title>
     <description>primacy Infotech is the best among top 10 website company in kolkata, west bengal, India. Call best website developer at 9088015866 to make a website in your reasonable price</description>
     <ror:updatePeriod></ror:updatePeriod>
     <ror:sortOrder>1</ror:sortOrder>
     <ror:resourceOf>sitemap</ror:resourceOf>
</item>
<item>
     <link>http://primacyinfotech.com/about/about</link>
     <title></title>
     
     <ror:updatePeriod></ror:updatePeriod>
     <ror:sortOrder>1</ror:sortOrder>
     <ror:resourceOf>sitemap</ror:resourceOf>
</item>
<item>
     <link>http://primacyinfotech.com/about/our-portfolios.php</link>
     <title></title>
     
     <ror:updatePeriod></ror:updatePeriod>
     <ror:sortOrder>1</ror:sortOrder>
     <ror:resourceOf>sitemap</ror:resourceOf>
</item>
<item>
     <link>http://primacyinfotech.com/index-2.html</link>
     <title>Best Website Design &amp;amp; Development Company in India</title>
     <description>We are one of the best website design &amp;app development company in Kolkata,West Bengal,India.We provide IT Service in reasonable price. Contact 09875627563</description>
     <ror:updatePeriod></ror:updatePeriod>
     <ror:sortOrder>1</ror:sortOrder>
     <ror:resourceOf>sitemap</ror:resourceOf>
</item>
<item>
     <link>http://primacyinfotech.com/about/about.php</link>
     <title></title>
     
     <ror:updatePeriod></ror:updatePeriod>
     <ror:sortOrder>1</ror:sortOrder>
     <ror:resourceOf>sitemap</ror:resourceOf>
</item>
<item>
     <link>http://primacyinfotech.com/about/our-company.php</link>
     <title>Our Company</title>
     <description>primacy Infotech is the best among top 10 website company in kolkata, west bengal, India. Call best website developer at 9088015866 to make a website in your reasonable price</description>
     <ror:updatePeriod></ror:updatePeriod>
     <ror:sortOrder>1</ror:sortOrder>
     <ror:resourceOf>sitemap</ror:resourceOf>
</item>
<item>
     <link>http://primacyinfotech.com/about/contact.php</link>
     <title>Contact Us</title>
     <description>primacy Infotech is the best among top 10 website company in kolkata, west bengal, India. Call best website developer at 9088015866 to make a website in your reasonable price</description>
     <ror:updatePeriod></ror:updatePeriod>
     <ror:sortOrder>1</ror:sortOrder>
     <ror:resourceOf>sitemap</ror:resourceOf>
</item>
<item>
     <link>http://primacyinfotech.com/service/web-developement.php</link>
     <title>Best Web Development company in India </title>
     <description>Primacy Infotech is one of the best web development companies in Kolkata. Call us on 9088015866 to get your website in affordable prices. </description>
     <ror:updatePeriod></ror:updatePeriod>
     <ror:sortOrder>1</ror:sortOrder>
     <ror:resourceOf>sitemap</ror:resourceOf>
</item>
<item>
     <link>http://primacyinfotech.com/service/web-designing.php</link>
     <title>Best Web Designing company in India</title>
     <description>Primacy Infotech is one of the best web design companies in Kolkata. Call us on 9088015866 to get your website in affordable prices. </description>
     <ror:updatePeriod></ror:updatePeriod>
     <ror:sortOrder>1</ror:sortOrder>
     <ror:resourceOf>sitemap</ror:resourceOf>
</item>
<item>
     <link>http://primacyinfotech.com/service/mobile-app-developemnt.php</link>
     <title>Best App Development Company in India</title>
     <description>Primacy Infotech is one of the best web development companies in Kolkata. Call us on 9088015866 to get your website in affordable prices. </description>
     <ror:updatePeriod></ror:updatePeriod>
     <ror:sortOrder>1</ror:sortOrder>
     <ror:resourceOf>sitemap</ror:resourceOf>
</item>
<item>
     <link>http://primacyinfotech.com/service/crm-erp-portal-development.php</link>
     <title>Best CRM &amp; ERP company</title>
     <description>Primacy Infotech is one of the best CRM and ERP companies in India. Call us on 9088015866 to get your website in affordable prices. </description>
     <ror:updatePeriod></ror:updatePeriod>
     <ror:sortOrder>1</ror:sortOrder>
     <ror:resourceOf>sitemap</ror:resourceOf>
</item>
<item>
     <link>http://primacyinfotech.com/service/digital-marketing.php</link>
     <title>Best Digital Marketing and SEO Company in India</title>
     <description>Primacy Infotech is one of the best digital marketing and seo companies in India. Call us on 9088015866 to get your website in affordable prices.</description>
     <ror:updatePeriod></ror:updatePeriod>
     <ror:sortOrder>1</ror:sortOrder>
     <ror:resourceOf>sitemap</ror:resourceOf>
</item>
<item>
     <link>http://primacyinfotech.com/service/ui-ux-desing.php</link>
     <title>Best UI/UX Design company in India</title>
     <description>Primacy Infotech is one of the best UI and UX companies in India. Call us on 9088015866 to get your website in affordable prices.</description>
     <ror:updatePeriod></ror:updatePeriod>
     <ror:sortOrder>1</ror:sortOrder>
     <ror:resourceOf>sitemap</ror:resourceOf>
</item>
<item>
     <link>http://primacyinfotech.com/product/school-managmest-system.php</link>
     <title>Best School Mangement System in India</title>
     <description>Primacy Infotech is one of the best school management system companies in India. Call us on 9088015866 to get your website in affordable prices.</description>
     <ror:updatePeriod></ror:updatePeriod>
     <ror:sortOrder>1</ror:sortOrder>
     <ror:resourceOf>sitemap</ror:resourceOf>
</item>
<item>
     <link>http://primacyinfotech.com/product/loan-mangment-system.php</link>
     <title>Best Loan Mangement Portal in India</title>
     <description>Primacy Infotech is one of the loan management portal companies in India. Call us on 9088015866 to get your service in affordable prices.</description>
     <ror:updatePeriod></ror:updatePeriod>
     <ror:sortOrder>1</ror:sortOrder>
     <ror:resourceOf>sitemap</ror:resourceOf>
</item>
<item>
     <link>http://primacyinfotech.com/service/mlm-software-development.php</link>
     <title>Great and Best MLM Portal in India</title>
     <description>Primacy Infotech is one of the best mlm development companies in India. Call us on 9088015866 to get your service in affordable prices.</description>
     <ror:updatePeriod></ror:updatePeriod>
     <ror:sortOrder>1</ror:sortOrder>
     <ror:resourceOf>sitemap</ror:resourceOf>
</item>
<item>
     <link>http://primacyinfotech.com/product/readymade-realestate-portal.php</link>
     <title>Realestate Portal service in kolkata</title>
     <description>Primacy Infotech is one of the best Realstate portal services in India. Call us on 9088015866 to get your website in affordable prices.</description>
     <ror:updatePeriod></ror:updatePeriod>
     <ror:sortOrder>1</ror:sortOrder>
     <ror:resourceOf>sitemap</ror:resourceOf>
</item>
<item>
     <link>http://primacyinfotech.com/product/portal-accounting.php</link>
     <title>Best Accounting Portal service in India</title>
     <description>Primacy Infotech is one of the best accounting development companies in India. Call us on 9088015866 to get your website in affordable prices.</description>
     <ror:updatePeriod></ror:updatePeriod>
     <ror:sortOrder>1</ror:sortOrder>
     <ror:resourceOf>sitemap</ror:resourceOf>
</item>
<item>
     <link>http://primacyinfotech.com/about/privacy-policy.php</link>
     <title>Privacy Policy</title>
     <description>primacy Infotech is the best among top 10 website company in kolkata, west bengal, India. Call best website developer at 9088015866 to make a website in your reasonable price</description>
     <ror:updatePeriod></ror:updatePeriod>
     <ror:sortOrder>1</ror:sortOrder>
     <ror:resourceOf>sitemap</ror:resourceOf>
</item>
<item>
     <link>http://primacyinfotech.com/about/terms-of-service.php</link>
     <title>TERMS OF SERVICE - Primacy Infotech Pvt. Ltd.</title>
     <description>primacy Infotech is the best among top 10 website company in kolkata, west bengal, India. Call best website developer at 9088015866 to make a website in your reasonable price</description>
     <ror:updatePeriod></ror:updatePeriod>
     <ror:sortOrder>1</ror:sortOrder>
     <ror:resourceOf>sitemap</ror:resourceOf>
</item>
<item>
     <link>http://primacyinfotech.com/about/refund-cancellation-policy.php</link>
     <title>REFUND &amp; CANCELLATION POLICY : Primacy Infotech Pvt Ltd. </title>
     <description>primacy Infotech is the best among top 10 website company in kolkata, west bengal, India. Call best website developer at 9088015866 to make a website in your reasonable price</description>
     <ror:updatePeriod></ror:updatePeriod>
     <ror:sortOrder>1</ror:sortOrder>
     <ror:resourceOf>sitemap</ror:resourceOf>
</item>
<item>
     <link>http://primacyinfotech.com/service/ui-ux-desing</link>
     <title>Best UI/UX Design company in India</title>
     <description>Primacy Infotech is one of the best UI and UX companies in India. Call us on 9088015866 to get your website in affordable prices.</description>
     <ror:updatePeriod></ror:updatePeriod>
     <ror:sortOrder>2</ror:sortOrder>
     <ror:resourceOf>sitemap</ror:resourceOf>
</item>
<item>
     <link>http://primacyinfotech.com/about/privacy-policy</link>
     <title>Privacy Policy</title>
     <description>primacy Infotech is the best among top 10 website company in kolkata, west bengal, India. Call best website developer at 9088015866 to make a website in your reasonable price</description>
     <ror:updatePeriod></ror:updatePeriod>
     <ror:sortOrder>2</ror:sortOrder>
     <ror:resourceOf>sitemap</ror:resourceOf>
</item>
<item>
     <link>http://primacyinfotech.com/about/terms-of-service</link>
     <title>TERMS OF SERVICE - Primacy Infotech Pvt. Ltd.</title>
     <description>primacy Infotech is the best among top 10 website company in kolkata, west bengal, India. Call best website developer at 9088015866 to make a website in your reasonable price</description>
     <ror:updatePeriod></ror:updatePeriod>
     <ror:sortOrder>2</ror:sortOrder>
     <ror:resourceOf>sitemap</ror:resourceOf>
</item>
<item>
     <link>http://primacyinfotech.com/about/refund-cancellation-policy</link>
     <title>REFUND &amp; CANCELLATION POLICY : Primacy Infotech Pvt Ltd. </title>
     <description>primacy Infotech is the best among top 10 website company in kolkata, west bengal, India. Call best website developer at 9088015866 to make a website in your reasonable price</description>
     <ror:updatePeriod></ror:updatePeriod>
     <ror:sortOrder>2</ror:sortOrder>
     <ror:resourceOf>sitemap</ror:resourceOf>
</item>
<item>
     <link>http://primacyinfotech.com/index</link>
     <title>Best Website Design &amp;amp; Development Company in India</title>
     <description>We are one of the best website design &amp;app development company in Kolkata,West Bengal,India.We provide IT Service in reasonable price. Contact 09875627563</description>
     <ror:updatePeriod></ror:updatePeriod>
     <ror:sortOrder>2</ror:sortOrder>
     <ror:resourceOf>sitemap</ror:resourceOf>
</item>
<item>
     <link>http://primacyinfotech.com/product/readymade-food-delivery-app.php</link>
     <title>Ecommerce app development company in india| Readymade Ecommerce app Solution|Affordable Ecommerce App Development Company : Primacy Infotech </title>
     <description>Primacy Infotech is one of the best food app development companies in India. Call us on 9088015866 to get your order in affordable prices.</description>
     <ror:updatePeriod></ror:updatePeriod>
     <ror:sortOrder>2</ror:sortOrder>
     <ror:resourceOf>sitemap</ror:resourceOf>
</item>
<item>
     <link>http://primacyinfotech.com/product/readymade-grocery-delivery-app.php</link>
     <title>Grocery app development company in india| Readymade Grocery app Solution|Affordable Grocery App Development Company : Primacy Infotech </title>
     <description>Primacy Infotech is one of the best grocery app development companies in India. Call us on 9088015866 to Get demo and prices.</description>
     <ror:updatePeriod></ror:updatePeriod>
     <ror:sortOrder>2</ror:sortOrder>
     <ror:resourceOf>sitemap</ror:resourceOf>
</item>
<item>
     <link>http://primacyinfotech.com/product/recharge-bill-payment-portal-b2b-b2c.php</link>
     <title>Recharge Portal company in Kolkata</title>
     <description>Primacy Infotech is one of the best recharge portal companies in India. Call us on 9088015866 to get your service in affordable prices.</description>
     <ror:updatePeriod></ror:updatePeriod>
     <ror:sortOrder>2</ror:sortOrder>
     <ror:resourceOf>sitemap</ror:resourceOf>
</item>
<item>
     <link>http://primacyinfotech.com/product/readymade-online-education-app.php</link>
     <title>Best Learning Management Portal In India</title>
     <description>Primacy Infotech is one of the best learning management portal companies in India. Call us on 9088015866 to get your service in affordable prices.</description>
     <ror:updatePeriod></ror:updatePeriod>
     <ror:sortOrder>2</ror:sortOrder>
     <ror:resourceOf>sitemap</ror:resourceOf>
</item>
<item>
     <link>http://primacyinfotech.com/product/readymade-video-streaming-app.php</link>
     <title>Best Video Portal company in India</title>
     <description>Primacy Infotech is one of the best video portal companies in India. Call us on 9088015866 to get your website in affordable prices.</description>
     <ror:updatePeriod></ror:updatePeriod>
     <ror:sortOrder>2</ror:sortOrder>
     <ror:resourceOf>sitemap</ror:resourceOf>
</item>
<item>
     <link>http://primacyinfotech.com/industry/industry-healthcare.php</link>
     <title>Health care</title>
     <description>primacy Infotech is the best among top 10 website company in kolkata, west bengal, India. Call best website developer at 9088015866 to make a website in your reasonable price</description>
     <ror:updatePeriod></ror:updatePeriod>
     <ror:sortOrder>2</ror:sortOrder>
     <ror:resourceOf>sitemap</ror:resourceOf>
</item>
<item>
     <link>http://primacyinfotech.com/industry/industry-education.php</link>
     <title>Edutech Industry </title>
     <description>primacy Infotech is the best among top 10 website company in kolkata, west bengal, India. Call best website developer at 9088015866 to make a website in your reasonable price</description>
     <ror:updatePeriod></ror:updatePeriod>
     <ror:sortOrder>2</ror:sortOrder>
     <ror:resourceOf>sitemap</ror:resourceOf>
</item>
<item>
     <link>http://primacyinfotech.com/industry/industry-retail.php</link>
     <title>Our Company</title>
     <description>primacy Infotech is the best among top 10 website company in kolkata, west bengal, India. Call best website developer at 9088015866 to make a website in your reasonable price</description>
     <ror:updatePeriod></ror:updatePeriod>
     <ror:sortOrder>2</ror:sortOrder>
     <ror:resourceOf>sitemap</ror:resourceOf>
</item>
<item>
     <link>http://primacyinfotech.com/industry/industry-insurance.php</link>
     <title>Our Company</title>
     <description>primacy Infotech is the best among top 10 website company in kolkata, west bengal, India. Call best website developer at 9088015866 to make a website in your reasonable price</description>
     <ror:updatePeriod></ror:updatePeriod>
     <ror:sortOrder>2</ror:sortOrder>
     <ror:resourceOf>sitemap</ror:resourceOf>
</item>
<item>
     <link>http://primacyinfotech.com/industry/industry-bankin-finance.php</link>
     <title>Banking</title>
     <description>primacy Infotech is the best among top 10 website company in kolkata, west bengal, India. Call best website developer at 9088015866 to make a website in your reasonable price</description>
     <ror:updatePeriod></ror:updatePeriod>
     <ror:sortOrder>2</ror:sortOrder>
     <ror:resourceOf>sitemap</ror:resourceOf>
</item>
<item>
     <link>http://primacyinfotech.com/industry/industry-goverment.php</link>
     <title>Government</title>
     <description>primacy Infotech is the best among top 10 website company in kolkata, west bengal, India. Call best website developer at 9088015866 to make a website in your reasonable price</description>
     <ror:updatePeriod></ror:updatePeriod>
     <ror:sortOrder>2</ror:sortOrder>
     <ror:resourceOf>sitemap</ror:resourceOf>
</item>
<item>
     <link>http://primacyinfotech.com/industry/industry-media.php</link>
     <title>Media</title>
     <description>primacy Infotech is the best among top 10 website company in kolkata, west bengal, India. Call best website developer at 9088015866 to make a website in your reasonable price</description>
     <ror:updatePeriod></ror:updatePeriod>
     <ror:sortOrder>2</ror:sortOrder>
     <ror:resourceOf>sitemap</ror:resourceOf>
</item>
<item>
     <link>http://primacyinfotech.com/about/career.php</link>
     <title>Career: Primacy Infotech </title>
     <description>Primacy Infotech is one of the best development companies in India. Call us on 9088015866 to Get demo and prices.</description>
     <ror:updatePeriod></ror:updatePeriod>
     <ror:sortOrder>2</ror:sortOrder>
     <ror:resourceOf>sitemap</ror:resourceOf>
</item>
<item>
     <link>http://primacyinfotech.com/industry/industry-travel.php</link>
     <title>Travel Tech</title>
     <description>primacy Infotech is the best among top 10 website company in kolkata, west bengal, India. Call best website developer at 9088015866 to make a website in your reasonable price</description>
     <ror:updatePeriod></ror:updatePeriod>
     <ror:sortOrder>2</ror:sortOrder>
     <ror:resourceOf>sitemap</ror:resourceOf>
</item>
<item>
     <link>http://primacyinfotech.com/assets/images/anis.html</link>
     <title>404 Not Found</title>
     <description>404 Not Found</description>
     <ror:updatePeriod></ror:updatePeriod>
     <ror:sortOrder>2</ror:sortOrder>
     <ror:resourceOf>sitemap</ror:resourceOf>
</item>
</channel>
</rss>
  