<?xml version="1.0" encoding="utf-8"?>
<!--Created using XmlSitemapGenerator.org - Free HTML, RSS and XML sitemap generator-->
<rss version="2.0">
  <channel>
    <title>Primacy Infotech</title>
    <link>https://primacyinfotech.com</link>
    <description />
    <item>
      <guid>https://primacyinfotech.com</guid>
      <title>Primacy Infotech</title>
      <link>https://primacyinfotech.com</link>
      <description>We are one of the best web &amp; app development company in India.We provide IT Service in reasonable price. Contact 09875627563</description>
    </item>
    <item>
      <guid>https://primacyinfotech.com/about/refund-cancellation-policy.php</guid>
      <title>REFUND &amp; CANCELLATION POLICY : Primacy Infotech Pvt Ltd. </title>
      <link>https://primacyinfotech.com/about/refund-cancellation-policy.php</link>
      <description>primacy Infotech is the best among top 10 website company in kolkata, west bengal, India. Call best website developer at 9088015866 to make a website in your reasonable price</description>
    </item>
    <item>
      <guid>https://primacyinfotech.com/about/privacy-policy.php</guid>
      <title>Privacy Policy</title>
      <link>https://primacyinfotech.com/about/privacy-policy.php</link>
      <description>primacy Infotech is the best among top 10 website company in kolkata, west bengal, India. Call best website developer at 9088015866 to make a website in your reasonable price</description>
    </item>
    <item>
      <guid>https://primacyinfotech.com/product/portal-accounting.php</guid>
      <title>Best Accounting Portal service in India</title>
      <link>https://primacyinfotech.com/product/portal-accounting.php</link>
      <description>Primacy Infotech is one of the best accounting development companies in India. Call us on 9088015866 to get your website in affordable prices.</description>
    </item>
    <item>
      <guid>https://primacyinfotech.com/about/terms-of-service.php</guid>
      <title>TERMS OF SERVICE - Primacy Infotech Pvt. Ltd.</title>
      <link>https://primacyinfotech.com/about/terms-of-service.php</link>
      <description>primacy Infotech is the best among top 10 website company in kolkata, west bengal, India. Call best website developer at 9088015866 to make a website in your reasonable price</description>
    </item>
    <item>
      <guid>https://primacyinfotech.com/product/loan-mangment-system.php</guid>
      <title>Best Loan Mangement Portal in India</title>
      <link>https://primacyinfotech.com/product/loan-mangment-system.php</link>
      <description>Primacy Infotech is one of the loan management portal companies in India. Call us on 9088015866 to get your service in affordable prices.</description>
    </item>
    <item>
      <guid>https://primacyinfotech.com/service/ui-ux-desing.php</guid>
      <title>Best UI/UX Design company in India</title>
      <link>https://primacyinfotech.com/service/ui-ux-desing.php</link>
      <description>Primacy Infotech is one of the best UI and UX companies in India. Call us on 9088015866 to get your website in affordable prices.</description>
    </item>
    <item>
      <guid>https://primacyinfotech.com/product/readymade-realestate-portal.php</guid>
      <title>Realestate Portal service in kolkata</title>
      <link>https://primacyinfotech.com/product/readymade-realestate-portal.php</link>
      <description>Primacy Infotech is one of the best Realstate portal services in India. Call us on 9088015866 to get your website in affordable prices.</description>
    </item>
    <item>
      <guid>https://primacyinfotech.com/service/digital-marketing.php</guid>
      <title>Best Digital Marketing and SEO Company in India</title>
      <link>https://primacyinfotech.com/service/digital-marketing.php</link>
      <description>Primacy Infotech is one of the best digital marketing and seo companies in India. Call us on 9088015866 to get your website in affordable prices.</description>
    </item>
    <item>
      <guid>https://primacyinfotech.com/service/mobile-app-developemnt.php</guid>
      <title>Best App Development Company in India</title>
      <link>https://primacyinfotech.com/service/mobile-app-developemnt.php</link>
      <description>Primacy Infotech is one of the best web development companies in Kolkata. Call us on 9088015866 to get your website in affordable prices. </description>
    </item>
    <item>
      <guid>https://primacyinfotech.com/product/school-managmest-system.php</guid>
      <title>Best School Mangement System in India</title>
      <link>https://primacyinfotech.com/product/school-managmest-system.php</link>
      <description>Primacy Infotech is one of the best school management system companies in India. Call us on 9088015866 to get your website in affordable prices.</description>
    </item>
    <item>
      <guid>https://primacyinfotech.com/service/web-designing.php</guid>
      <title>Best Web Designing company in India</title>
      <link>https://primacyinfotech.com/service/web-designing.php</link>
      <description>Primacy Infotech is one of the best web design companies in Kolkata. Call us on 9088015866 to get your website in affordable prices. </description>
    </item>
    <item>
      <guid>https://primacyinfotech.com/about/contact.php</guid>
      <title>Contact Us</title>
      <link>https://primacyinfotech.com/about/contact.php</link>
      <description>primacy Infotech is the best among top 10 website company in kolkata, west bengal, India. Call best website developer at 9088015866 to make a website in your reasonable price</description>
    </item>
    <item>
      <guid>https://primacyinfotech.com/about/our-company.php</guid>
      <title>Our Company</title>
      <link>https://primacyinfotech.com/about/our-company.php</link>
      <description>primacy Infotech is the best among top 10 website company in kolkata, west bengal, India. Call best website developer at 9088015866 to make a website in your reasonable price</description>
    </item>
    <item>
      <guid>https://primacyinfotech.com/industry/industry-travel</guid>
      <title>Travel Industry</title>
      <link>https://primacyinfotech.com/industry/industry-travel</link>
      <description>primacy Infotech is the best among top 10 website company in kolkata, west bengal, India. Call best website developer at 9088015866 to make a website in your reasonable price</description>
    </item>
    <item>
      <guid>https://primacyinfotech.com/about/our-portfolios.php</guid>
      <title>Our Portfolios</title>
      <link>https://primacyinfotech.com/about/our-portfolios.php</link>
      <description />
    </item>
    <item>
      <guid>https://primacyinfotech.com/about/our-portfolios</guid>
      <title>Our Portfolios</title>
      <link>https://primacyinfotech.com/about/our-portfolios</link>
      <description />
    </item>
    <item>
      <guid>https://primacyinfotech.com/industry/industry-insurance</guid>
      <title>Insurance Industry</title>
      <link>https://primacyinfotech.com/industry/industry-insurance</link>
      <description>primacy Infotech is the best among top 10 website company in kolkata, west bengal, India. Call best website developer at 9088015866 to make a website in your reasonable price</description>
    </item>
    <item>
      <guid>https://primacyinfotech.com/service/mlm-software-development.php</guid>
      <title>Great and Best MLM Portal in India</title>
      <link>https://primacyinfotech.com/service/mlm-software-development.php</link>
      <description>Primacy Infotech is one of the best mlm development companies in India. Call us on 9088015866 to get your service in affordable prices.</description>
    </item>
    <item>
      <guid>https://primacyinfotech.com/industry/industry-media</guid>
      <title>Media Industry</title>
      <link>https://primacyinfotech.com/industry/industry-media</link>
      <description>primacy Infotech is the best among top 10 website company in kolkata, west bengal, India. Call best website developer at 9088015866 to make a website in your reasonable price</description>
    </item>
    <item>
      <guid>https://primacyinfotech.com/about/career</guid>
      <title>Career: Primacy Infotech </title>
      <link>https://primacyinfotech.com/about/career</link>
      <description>Primacy Infotech is one of the best development companies in India. Call us on 9088015866 to Get demo and prices.</description>
    </item>
    <item>
      <guid>https://primacyinfotech.com/industry/industry-healthcare</guid>
      <title>Health care</title>
      <link>https://primacyinfotech.com/industry/industry-healthcare</link>
      <description>primacy Infotech is the best among top 10 website company in kolkata, west bengal, India. Call best website developer at 9088015866 to make a website in your reasonable price</description>
    </item>
    <item>
      <guid>https://primacyinfotech.com/service/crm-erp-portal-development.php</guid>
      <title>Best CRM &amp; ERP company</title>
      <link>https://primacyinfotech.com/service/crm-erp-portal-development.php</link>
      <description>Primacy Infotech is one of the best CRM and ERP Development companies in India. Call us on 9088015866 to get your website in affordable prices. </description>
    </item>
    <item>
      <guid>https://primacyinfotech.com/industry/industry-goverment</guid>
      <title>Government</title>
      <link>https://primacyinfotech.com/industry/industry-goverment</link>
      <description>primacy Infotech is the best among top 10 website company in kolkata, west bengal, India. Call best website developer at 9088015866 to make a website in your reasonable price</description>
    </item>
    <item>
      <guid>https://primacyinfotech.com/industry/industry-retail</guid>
      <title>Retail Industry</title>
      <link>https://primacyinfotech.com/industry/industry-retail</link>
      <description>primacy Infotech is the best among top 10 website company in kolkata, west bengal, India. Call best website developer at 9088015866 to make a website in your reasonable price</description>
    </item>
    <item>
      <guid>https://primacyinfotech.com/product/readymade-video-streaming-app</guid>
      <title>Best Video Portal company in India</title>
      <link>https://primacyinfotech.com/product/readymade-video-streaming-app</link>
      <description>Primacy Infotech is one of the best video portal companies in India. Call us on 9088015866 to get your website in affordable prices.</description>
    </item>
    <item>
      <guid>https://primacyinfotech.com/service/web-developement.php</guid>
      <title>Best Web Development company in India </title>
      <link>https://primacyinfotech.com/service/web-developement.php</link>
      <description>Primacy Infotech is one of the best web development companies in Kolkata. Call us on 9088015866 to get your website in affordable prices. </description>
    </item>
    <item>
      <guid>https://primacyinfotech.com/about/about.php</guid>
      <title>About us</title>
      <link>https://primacyinfotech.com/about/about.php</link>
      <description />
    </item>
    <item>
      <guid>https://primacyinfotech.com/about/about</guid>
      <title>About us</title>
      <link>https://primacyinfotech.com/about/about</link>
      <description />
    </item>
    <item>
      <guid>https://primacyinfotech.com/product/recharge-bill-payment-portal-b2b-b2c</guid>
      <title>Recharge Portal company in Kolkata</title>
      <link>https://primacyinfotech.com/product/recharge-bill-payment-portal-b2b-b2c</link>
      <description>Primacy Infotech is one of the best recharge portal companies in India. Call us on 9088015866 to get your service in affordable prices.</description>
    </item>
    <item>
      <guid>https://primacyinfotech.com/product/readymade-cab-booking-app</guid>
      <title>Best Ola/Uber Clone in India</title>
      <link>https://primacyinfotech.com/product/readymade-cab-booking-app</link>
      <description>Primacy Infotech is one of the best ola/uber services in India. Call us on 9088015866 to get your website in affordable prices.</description>
    </item>
    <item>
      <guid>https://primacyinfotech.com/about/contact</guid>
      <title>Contact Us</title>
      <link>https://primacyinfotech.com/about/contact</link>
      <description>primacy Infotech is the best among top 10 website company in kolkata, west bengal, India. Call best website developer at 9088015866 to make a website in your reasonable price</description>
    </item>
    <item>
      <guid>https://primacyinfotech.com/product/loan-mangment-system</guid>
      <title>Best Loan Mangement Portal in India</title>
      <link>https://primacyinfotech.com/product/loan-mangment-system</link>
      <description>Primacy Infotech is one of the loan management portal companies in India. Call us on 9088015866 to get your service in affordable prices.</description>
    </item>
    <item>
      <guid>https://primacyinfotech.com/about/our-company</guid>
      <title>Our Company</title>
      <link>https://primacyinfotech.com/about/our-company</link>
      <description>primacy Infotech is the best among top 10 website company in kolkata, west bengal, India. Call best website developer at 9088015866 to make a website in your reasonable price</description>
    </item>
    <item>
      <guid>https://primacyinfotech.com/product/readymade-food-delivery-app</guid>
      <title>Food Delivery app development company in india| Readymade Food Delivery app Solution|Affordable Food Delivery App Development Company : Primacy Infotech </title>
      <link>https://primacyinfotech.com/product/readymade-food-delivery-app</link>
      <description>Primacy Infotech is one of the best food app development companies in India. Call us on 9088015866 to get your order in affordable prices.</description>
    </item>
    <item>
      <guid>https://primacyinfotech.com/product/readymade-pharmacy-app</guid>
      <title>Online Pharmacy Application Development Company: Primacy Infotech Best web &amp;amp; Mobile Application Development Company in India</title>
      <link>https://primacyinfotech.com/product/readymade-pharmacy-app</link>
      <description>Get a readymade Online Pharmacy app like Netmeds, 1MG and Pharmeasy within 7 days. Primacy Infotech introduces the ready-made mobile app solution for Pharmacy stores, Start or expand your pharmacy business to online pharmacy. Create an attractive and user-friendly e-commerce pharmacy website and pharmacy apps,</description>
    </item>
    <item>
      <guid>https://primacyinfotech.com/industry/industry-bankin-finance</guid>
      <title>Banking &amp; Finance</title>
      <link>https://primacyinfotech.com/industry/industry-bankin-finance</link>
      <description>primacy Infotech is the best among top 10 website company in kolkata, west bengal, India. Call best website developer at 9088015866 to make a website in your reasonable price</description>
    </item>
    <item>
      <guid>https://primacyinfotech.com/product/readymade-ecommerces-app</guid>
      <title>Ecommerce app development company in india| Readymade Ecommerce app Solution|Affordable Ecommerce App Development Company : Primacy Infotech </title>
      <link>https://primacyinfotech.com/product/readymade-ecommerces-app</link>
      <description>Primacy Infotech is one of the best grocery app development companies in India. Call us on 9088015866 to Get demo and prices.</description>
    </item>
    <item>
      <guid>https://primacyinfotech.com/product/school-managmest-system</guid>
      <title>Best School Mangement System in India</title>
      <link>https://primacyinfotech.com/product/school-managmest-system</link>
      <description>Primacy Infotech is one of the best school management system companies in India. Call us on 9088015866 to get your website in affordable prices.</description>
    </item>
    <item>
      <guid>https://primacyinfotech.com/industry/industry-education</guid>
      <title>Edutech Industry</title>
      <link>https://primacyinfotech.com/industry/industry-education</link>
      <description>primacy Infotech is the best among top 10 website company in kolkata, west bengal, India. Call best website developer at 9088015866 to make a website in your reasonable price</description>
    </item>
    <item>
      <guid>https://primacyinfotech.com/service/health-care-mangment</guid>
      <title>Best Health Mangement Portal2 in India</title>
      <link>https://primacyinfotech.com/service/health-care-mangment</link>
      <description>Primacy Infotech is one of the best Health management system companies in India. Call us on 9088015866 to get your website in affordable prices.</description>
    </item>
    <item>
      <guid>https://primacyinfotech.com/service/ui-ux-desing</guid>
      <title>Best UI/UX Design company in India</title>
      <link>https://primacyinfotech.com/service/ui-ux-desing</link>
      <description>Primacy Infotech is one of the best UI and UX companies in India. Call us on 9088015866 to get your website in affordable prices.</description>
    </item>
    <item>
      <guid>https://primacyinfotech.com/product/readymade-realestate-portal</guid>
      <title>Realestate Portal service in kolkata</title>
      <link>https://primacyinfotech.com/product/readymade-realestate-portal</link>
      <description>Primacy Infotech is one of the best Realstate portal services in India. Call us on 9088015866 to get your website in affordable prices.</description>
    </item>
    <item>
      <guid>https://primacyinfotech.com/service/digital-marketing</guid>
      <title>Best Digital Marketing and SEO Company in India</title>
      <link>https://primacyinfotech.com/service/digital-marketing</link>
      <description>Primacy Infotech is one of the best digital marketing and seo companies in India. Call us on 9088015866 to get your website in affordable prices.</description>
    </item>
    <item>
      <guid>https://primacyinfotech.com/service/mobile-app-developemnt</guid>
      <title>Best App Development Company in India</title>
      <link>https://primacyinfotech.com/service/mobile-app-developemnt</link>
      <description>Primacy Infotech is one of the best web development companies in Kolkata. Call us on 9088015866 to get your website in affordable prices. </description>
    </item>
    <item>
      <guid>https://primacyinfotech.com/</guid>
      <title>Primacy Infotech</title>
      <link>https://primacyinfotech.com/</link>
      <description>We are one of the best web &amp; app development company in India.We provide IT Service in reasonable price. Contact 09875627563</description>
    </item>
    <item>
      <guid>https://primacyinfotech.com/product/readymade-online-education-app</guid>
      <title>E-learning portal| Online education App | Best Learning Management Portal In India</title>
      <link>https://primacyinfotech.com/product/readymade-online-education-app</link>
      <description>Primacy Infotech is one of the best learning management portal companies in India. Call us on 9088015866 to get your service in affordable prices.</description>
    </item>
    <item>
      <guid>https://primacyinfotech.com/service/web-designing</guid>
      <title>Best Web Designing company in India</title>
      <link>https://primacyinfotech.com/service/web-designing</link>
      <description>Primacy Infotech is one of the best web design companies in Kolkata. Call us on 9088015866 to get your website in affordable prices. </description>
    </item>
    <item>
      <guid>https://primacyinfotech.com/index.php</guid>
      <title>Primacy Infotech</title>
      <link>https://primacyinfotech.com/index.php</link>
      <description>We are one of the best web &amp; app development company in India.We provide IT Service in reasonable price. Contact 09875627563</description>
    </item>
    <item>
      <guid>https://primacyinfotech.com/industry/industry-travel.php</guid>
      <title>Travel Industry</title>
      <link>https://primacyinfotech.com/industry/industry-travel.php</link>
      <description>primacy Infotech is the best among top 10 website company in kolkata, west bengal, India. Call best website developer at 9088015866 to make a website in your reasonable price</description>
    </item>
    <item>
      <guid>https://primacyinfotech.com/product/readymade-grocery-delivery-app</guid>
      <title>Grocery app development company in india| Readymade Grocery app Solution|Affordable Grocery App Development Company : Primacy Infotech </title>
      <link>https://primacyinfotech.com/product/readymade-grocery-delivery-app</link>
      <description>Primacy Infotech is one of the best grocery app development companies in India. Call us on 9088015866 to Get demo and prices.</description>
    </item>
    <item>
      <guid>https://primacyinfotech.com/industry/industry-media.php</guid>
      <title>Media Industry</title>
      <link>https://primacyinfotech.com/industry/industry-media.php</link>
      <description>primacy Infotech is the best among top 10 website company in kolkata, west bengal, India. Call best website developer at 9088015866 to make a website in your reasonable price</description>
    </item>
    <item>
      <guid>https://primacyinfotech.com/about/career.php</guid>
      <title>Career: Primacy Infotech </title>
      <link>https://primacyinfotech.com/about/career.php</link>
      <description>Primacy Infotech is one of the best development companies in India. Call us on 9088015866 to Get demo and prices.</description>
    </item>
    <item>
      <guid>https://primacyinfotech.com/product/portal-accounting</guid>
      <title>Best Accounting Portal service in India</title>
      <link>https://primacyinfotech.com/product/portal-accounting</link>
      <description>Primacy Infotech is one of the best accounting development companies in India. Call us on 9088015866 to get your website in affordable prices.</description>
    </item>
    <item>
      <guid>https://primacyinfotech.com/industry/industry-bankin-finance.php</guid>
      <title>Banking &amp; Finance</title>
      <link>https://primacyinfotech.com/industry/industry-bankin-finance.php</link>
      <description>primacy Infotech is the best among top 10 website company in kolkata, west bengal, India. Call best website developer at 9088015866 to make a website in your reasonable price</description>
    </item>
    <item>
      <guid>https://primacyinfotech.com/industry/industry-goverment.php</guid>
      <title>Government</title>
      <link>https://primacyinfotech.com/industry/industry-goverment.php</link>
      <description>primacy Infotech is the best among top 10 website company in kolkata, west bengal, India. Call best website developer at 9088015866 to make a website in your reasonable price</description>
    </item>
    <item>
      <guid>https://primacyinfotech.com/service/mlm-software-development</guid>
      <title>Great and Best MLM Portal in India</title>
      <link>https://primacyinfotech.com/service/mlm-software-development</link>
      <description>Primacy Infotech is one of the best mlm development companies in India. Call us on 9088015866 to get your service in affordable prices.</description>
    </item>
    <item>
      <guid>https://primacyinfotech.com/industry/industry-retail.php</guid>
      <title>Retail Industry</title>
      <link>https://primacyinfotech.com/industry/industry-retail.php</link>
      <description>primacy Infotech is the best among top 10 website company in kolkata, west bengal, India. Call best website developer at 9088015866 to make a website in your reasonable price</description>
    </item>
    <item>
      <guid>https://primacyinfotech.com/industry/industry-insurance.php</guid>
      <title>Insurance Industry</title>
      <link>https://primacyinfotech.com/industry/industry-insurance.php</link>
      <description>primacy Infotech is the best among top 10 website company in kolkata, west bengal, India. Call best website developer at 9088015866 to make a website in your reasonable price</description>
    </item>
    <item>
      <guid>https://primacyinfotech.com/service/crm-erp-portal-development</guid>
      <title>Best CRM &amp; ERP company</title>
      <link>https://primacyinfotech.com/service/crm-erp-portal-development</link>
      <description>Primacy Infotech is one of the best CRM and ERP Development companies in India. Call us on 9088015866 to get your website in affordable prices. </description>
    </item>
    <item>
      <guid>https://primacyinfotech.com/industry/industry-healthcare.php</guid>
      <title>Health care</title>
      <link>https://primacyinfotech.com/industry/industry-healthcare.php</link>
      <description>primacy Infotech is the best among top 10 website company in kolkata, west bengal, India. Call best website developer at 9088015866 to make a website in your reasonable price</description>
    </item>
    <item>
      <guid>https://primacyinfotech.com/industry/industry-education.php</guid>
      <title>Edutech Industry</title>
      <link>https://primacyinfotech.com/industry/industry-education.php</link>
      <description>primacy Infotech is the best among top 10 website company in kolkata, west bengal, India. Call best website developer at 9088015866 to make a website in your reasonable price</description>
    </item>
    <item>
      <guid>https://primacyinfotech.com/service/web-developement</guid>
      <title>Best Web Development company in India </title>
      <link>https://primacyinfotech.com/service/web-developement</link>
      <description>Primacy Infotech is one of the best web development companies in Kolkata. Call us on 9088015866 to get your website in affordable prices. </description>
    </item>
    <item>
      <guid>https://primacyinfotech.com/product/recharge-bill-payment-portal-b2b-b2c.php</guid>
      <title>Recharge Portal company in Kolkata</title>
      <link>https://primacyinfotech.com/product/recharge-bill-payment-portal-b2b-b2c.php</link>
      <description>Primacy Infotech is one of the best recharge portal companies in India. Call us on 9088015866 to get your service in affordable prices.</description>
    </item>
    <item>
      <guid>https://primacyinfotech.com/product/readymade-grocery-delivery-app.php</guid>
      <title>Grocery app development company in india| Readymade Grocery app Solution|Affordable Grocery App Development Company : Primacy Infotech </title>
      <link>https://primacyinfotech.com/product/readymade-grocery-delivery-app.php</link>
      <description>Primacy Infotech is one of the best grocery app development companies in India. Call us on 9088015866 to Get demo and prices.</description>
    </item>
    <item>
      <guid>https://primacyinfotech.com/product/readymade-video-streaming-app.php</guid>
      <title>Best Video Portal company in India</title>
      <link>https://primacyinfotech.com/product/readymade-video-streaming-app.php</link>
      <description>Primacy Infotech is one of the best video portal companies in India. Call us on 9088015866 to get your website in affordable prices.</description>
    </item>
    <item>
      <guid>https://primacyinfotech.com/product/readymade-online-education-app.php</guid>
      <title>E-learning portal| Online education App | Best Learning Management Portal In India</title>
      <link>https://primacyinfotech.com/product/readymade-online-education-app.php</link>
      <description>Primacy Infotech is one of the best learning management portal companies in India. Call us on 9088015866 to get your service in affordable prices.</description>
    </item>
    <item>
      <guid>https://primacyinfotech.com/product/readymade-food-delivery-app.php</guid>
      <title>Food Delivery app development company in india| Readymade Food Delivery app Solution|Affordable Food Delivery App Development Company : Primacy Infotech </title>
      <link>https://primacyinfotech.com/product/readymade-food-delivery-app.php</link>
      <description>Primacy Infotech is one of the best food app development companies in India. Call us on 9088015866 to get your order in affordable prices.</description>
    </item>
  </channel>
</rss>
<!--<guid value="9e9f7c49-5d5e-4e4a-ae7e-0833fd31f327" />-->
<!--Created using XmlSitemapGenerator.org - Free HTML, RSS and XML sitemap generator-->